Товар,Ціна
12 999, грн
49 999, грн
13 999, грн
44 999, грн
23 999, грн
18 499, грн
20 999, грн
29 999, грн
28 999, грн
44 999, грн
43 999, грн
25 999, грн
43 999, грн
59 999, грн
10 999, грн
21 999, грн
41 499, грн
40 999, грн
29 999, грн
41 499, грн
35 999, грн
8 699, грн
54 999, грн
17 999, грн
30 999, грн
31 999, грн
6 599, грн
20 999, грн
33 999, грн
8 999, грн
14 499, грн
59 999, грн
33 999, грн
31 999, грн
9 999, грн
23 499, грн
6 499, грн
48 499, грн
22 499, грн
27 999, грн
5 899, грн
13 999, грн
14 599, грн
3 999, грн
17 999, грн
8 499, грн
55 999, грн
5 299, грн
7 999, грн
25 999, грн
3 899, грн
7 499, грн
3 199, грн
8 499, грн
16 999, грн
3 999, грн
23 999, грн
9 299, грн
4 599, грн
19 499, грн
